{"cameraMode":{"drawMode":0,"name":"Shaded","section":"Shading Mode"},"sceneLighting":false,"audioPlay":false,"sceneViewState":{"m_AlwaysRefresh":false,"showFog":true,"showSkybox":false,"showFlares":true,"showImageEffects":true,"showParticleSystems":true,"showVisualEffectGraphs":true,"m_FxEnabled":true},"in2DMode":false,"pivot":{"x":1.998233437538147,"y":0.7540450096130371,"z":0.9910479187965393},"rotation":{"x":0.4227254092693329,"y":0.06920849531888962,"z":-0.03241414576768875,"w":0.9030542969703674},"size":1.4657025337219239,"orthographic":false}