{"cameraMode":{"drawMode":0,"name":"Shaded","section":"Shading Mode"},"sceneLighting":false,"audioPlay":false,"sceneViewState":{"m_AlwaysRefresh":false,"showFog":true,"showSkybox":false,"showFlares":true,"showImageEffects":true,"showParticleSystems":true,"showVisualEffectGraphs":true,"m_FxEnabled":true},"in2DMode":false,"pivot":{"x":-0.00000286102294921875,"y":3.98250150680542,"z":0.8803850412368774},"rotation":{"x":0.18773207068443299,"y":-0.17142842710018159,"z":0.033199846744537356,"w":0.9666320085525513},"size":4.204794406890869,"orthographic":false}