{"cameraMode":{"drawMode":0,"name":"Shaded","section":"Shading Mode"},"sceneLighting":false,"audioPlay":false,"sceneViewState":{"m_AlwaysRefresh":false,"showFog":true,"showSkybox":false,"showFlares":true,"showImageEffects":true,"showParticleSystems":true,"showVisualEffectGraphs":true,"m_FxEnabled":true},"in2DMode":false,"pivot":{"x":0.252974271774292,"y":4.858522415161133,"z":0.4317045211791992},"rotation":{"x":0.18773207068443299,"y":-0.17142842710018159,"z":0.033199846744537356,"w":0.9666320085525513},"size":6.262232303619385,"orthographic":false}