{"cameraMode":{"drawMode":0,"name":"Shaded","section":"Shading Mode"},"sceneLighting":true,"audioPlay":false,"sceneViewState":{"m_AlwaysRefresh":false,"showFog":true,"showSkybox":true,"showFlares":true,"showImageEffects":true,"showParticleSystems":true,"showVisualEffectGraphs":true,"m_FxEnabled":true},"in2DMode":false,"pivot":{"x":2.5410165786743166,"y":2.1134467124938967,"z":2.243955612182617},"rotation":{"x":0.17589299380779267,"y":-0.0029596940148621799,"z":0.0005148338968865573,"w":0.9844251275062561},"size":8.845633506774903,"orthographic":false}