{"cameraMode":{"drawMode":0,"name":"Shaded","section":"Shading Mode"},"sceneLighting":true,"audioPlay":false,"sceneViewState":{"m_AlwaysRefresh":false,"showFog":true,"showSkybox":true,"showFlares":true,"showImageEffects":true,"showParticleSystems":true,"showVisualEffectGraphs":true,"m_FxEnabled":true},"in2DMode":false,"pivot":{"x":666.9666137695313,"y":433.59588623046877,"z":-54.220703125},"rotation":{"x":0.010309877805411816,"y":-0.004503992386162281,"z":0.000030613417038694024,"w":0.9999600648880005},"size":292.1903381347656,"orthographic":false}