{"cameraMode":{"drawMode":0,"name":"Shaded","section":"Shading Mode"},"sceneLighting":false,"audioPlay":false,"sceneViewState":{"m_AlwaysRefresh":false,"showFog":true,"showSkybox":false,"showFlares":true,"showImageEffects":true,"showParticleSystems":true,"showVisualEffectGraphs":true,"m_FxEnabled":true},"in2DMode":false,"pivot":{"x":1.2389943599700928,"y":0.9420543313026428,"z":-0.8403341770172119},"rotation":{"x":-0.00030399110983125865,"y":0.9994235634803772,"z":0.0326831080019474,"w":0.009295770898461342},"size":3.0180530548095705,"orthographic":false}